size,density,trial,dijkstra_cost,astar_cost,cost_ratio,dijkstra_expanded,astar_expanded
"[15, 15, 15]",0.05,0,24.930874060768502,24.930874060768502,1.0,3206,117
"[15, 15, 15]",0.05,1,24.930874060768502,24.930874060768502,1.0,3206,114
"[15, 15, 15]",0.05,2,24.930874060768502,24.930874060768502,1.0,3206,81
"[15, 15, 15]",0.1,0,24.930874060768502,24.930874060768502,1.0,3037,93
"[15, 15, 15]",0.1,1,25.516660498395407,25.516660498395407,1.0,3037,291
"[15, 15, 15]",0.1,2,24.930874060768502,24.930874060768502,1.0,3037,97
"[15, 15, 15]",0.2,0,24.930874060768502,24.930874060768502,1.0,2699,77
"[15, 15, 15]",0.2,1,24.930874060768502,24.930874060768502,1.0,2699,95
"[15, 15, 15]",0.2,2,24.930874060768502,24.930874060768502,1.0,2699,89
"[20, 20, 20]",0.05,0,33.59112809861289,33.59112809861289,1.0,7599,147
"[20, 20, 20]",0.05,1,33.59112809861289,33.59112809861289,1.0,7599,145
"[20, 20, 20]",0.05,2,32.908965343808674,32.908965343808674,1.0,7599,19
"[20, 20, 20]",0.1,0,32.908965343808674,32.908965343808674,1.0,7199,19
"[20, 20, 20]",0.1,1,33.59112809861289,33.59112809861289,1.0,7199,113
"[20, 20, 20]",0.1,2,33.6875044157902,33.6875044157902,1.0,7199,201
"[20, 20, 20]",0.2,0,34.27329085341711,34.27329085341711,1.0,6399,391
"[20, 20, 20]",0.2,1,34.1769145362398,34.1769145362398,1.0,6399,369
"[20, 20, 20]",0.2,2,34.27329085341711,34.27329085341711,1.0,6399,314
"[30, 30, 30]",0.05,0,50.91163617430164,50.91163617430164,1.0,25649,212
"[30, 30, 30]",0.05,1,50.91163617430164,50.91163617430164,1.0,25649,209
"[30, 30, 30]",0.05,2,50.229473419497424,50.229473419497424,1.0,25649,29
"[30, 30, 30]",0.1,0,50.91163617430164,50.91163617430164,1.0,24299,215
"[30, 30, 30]",0.1,1,50.91163617430164,50.91163617430164,1.0,24299,132
"[30, 30, 30]",0.1,2,51.59379892910586,51.59379892910586,1.0,24299,877
"[30, 30, 30]",0.2,0,51.59379892910586,51.59379892910586,1.0,21599,637
"[30, 30, 30]",0.2,1,51.00801249147895,51.00801249147895,1.0,21599,208
"[30, 30, 30]",0.2,2,51.59379892910586,51.59379892910586,1.0,21599,759
