trial,optimal_cost,condition,path_found,path_cost,optimality_gap,expanded,generated
0,28.14140666587194,oracle,True,28.141406665871944,1.2624506375898402e-14,19,233
0,28.14140666587194,near_optimal,True,28.72719310349885,2.081581935764822,21,195
0,28.14140666587194,random,True,29.312979541125756,4.163163871529644,23,208
0,28.14140666587194,adversarial,True,28.14140666587194,0.0,132,687
0,28.14140666587194,none,True,28.14140666587194,0.0,132,687
1,28.141406665871944,oracle,True,28.141406665871944,0.0,19,231
1,28.141406665871944,near_optimal,True,28.141406665871944,0.0,19,228
1,28.141406665871944,random,True,30.48455241637956,8.326327743059235,39,317
1,28.141406665871944,adversarial,True,28.141406665871944,0.0,150,805
1,28.141406665871944,none,True,28.141406665871944,0.0,150,805
2,28.727193103498845,oracle,True,29.362867593890414,2.2127970808054567,20,223
2,28.727193103498845,near_optimal,True,28.727193103498845,0.0,21,209
2,28.727193103498845,random,True,28.777081156263506,0.17366142450786498,312,1195
2,28.727193103498845,adversarial,True,28.727193103498845,0.0,352,1311
2,28.727193103498845,none,True,28.727193103498845,0.0,352,1311
3,28.14140666587194,oracle,True,28.141406665871944,1.2624506375898402e-14,19,232
3,28.14140666587194,near_optimal,True,28.82356942067616,2.4240535055822328,24,262
3,28.14140666587194,random,True,29.312979541125753,4.163163871529631,61,398
3,28.14140666587194,adversarial,True,28.14140666587194,0.0,145,767
3,28.14140666587194,none,True,28.14140666587194,0.0,145,767
4,28.141406665871944,oracle,True,28.141406665871944,0.0,19,218
4,28.141406665871944,near_optimal,True,29.948654031517318,6.42202213664424,22,244
4,28.141406665871944,random,True,29.312979541125753,4.163163871529617,131,708
4,28.141406665871944,adversarial,True,28.141406665871944,0.0,115,599
4,28.141406665871944,none,True,28.141406665871944,0.0,115,599
5,28.14140666587194,oracle,True,28.777081156263506,2.258858265114622,19,238
5,28.14140666587194,near_optimal,True,28.141406665871944,1.2624506375898402e-14,20,223
5,28.14140666587194,random,True,29.948654031517318,6.4220221366442525,178,836
5,28.14140666587194,adversarial,True,28.14140666587194,0.0,161,826
5,28.14140666587194,none,True,28.14140666587194,0.0,161,826
6,28.141406665871944,oracle,True,28.141406665871944,0.0,19,239
6,28.141406665871944,near_optimal,True,29.362867593890414,4.34044020087943,20,227
6,28.141406665871944,random,True,28.77708115626351,2.2588582651146214,92,503
6,28.141406665871944,adversarial,True,28.141406665871944,0.0,134,721
6,28.141406665871944,none,True,28.141406665871944,0.0,134,721
7,28.14140666587194,oracle,True,28.14140666587194,0.0,19,204
7,28.14140666587194,near_optimal,True,29.948654031517318,6.4220221366442525,22,226
7,28.14140666587194,random,True,29.459243911067727,4.682911770696855,27,261
7,28.14140666587194,adversarial,True,28.14140666587194,0.0,132,721
7,28.14140666587194,none,True,28.14140666587194,0.0,132,721
8,28.141406665871944,oracle,True,29.459243911067727,4.682911770696841,20,210
8,28.141406665871944,near_optimal,True,30.580928733556874,8.668799312876645,24,224
8,28.141406665871944,random,True,30.534440469144222,8.503604072409047,235,1042
8,28.141406665871944,adversarial,True,28.141406665871944,0.0,157,830
8,28.141406665871944,none,True,28.141406665871944,0.0,157,830
9,28.727193103498845,oracle,True,28.72719310349885,1.2367075564955895e-14,20,239
9,28.727193103498845,near_optimal,True,29.362867593890414,2.2127970808054567,21,226
9,28.727193103498845,random,True,29.409355858303066,2.374623766222174,350,1296
9,28.727193103498845,adversarial,True,28.727193103498845,0.0,355,1394
9,28.727193103498845,none,True,28.727193103498845,0.0,355,1394
10,28.14140666587194,oracle,True,28.72719310349885,2.081581935764822,20,233
10,28.14140666587194,near_optimal,True,29.459243911067727,4.682911770696855,25,261
10,28.14140666587194,random,True,29.948654031517314,6.42202213664424,36,316
10,28.14140666587194,adversarial,True,28.14140666587194,0.0,138,730
10,28.14140666587194,none,True,28.14140666587194,0.0,138,730
11,28.727193103498845,oracle,True,28.72719310349885,1.2367075564955895e-14,20,220
11,28.727193103498845,near_optimal,True,29.55562022824504,2.8837733006546205,20,229
11,28.727193103498845,random,True,31.26309148836109,8.827518845039496,180,820
11,28.727193103498845,adversarial,True,28.727193103498845,0.0,338,1312
11,28.727193103498845,none,True,28.727193103498845,0.0,338,1312
12,28.14140666587194,oracle,True,28.14140666587194,0.0,19,248
12,28.14140666587194,near_optimal,True,29.409355858303066,4.505635441347041,22,239
12,28.14140666587194,random,True,29.36286759389041,4.3404402008794305,132,604
12,28.14140666587194,adversarial,True,28.14140666587194,0.0,163,858
12,28.14140666587194,none,True,28.14140666587194,0.0,163,858
13,28.14140666587194,oracle,True,28.141406665871944,1.2624506375898402e-14,19,228
13,28.14140666587194,near_optimal,True,29.50573217548038,4.848107011164452,23,199
13,28.14140666587194,random,True,30.091518613107283,6.929688946929262,41,332
13,28.14140666587194,adversarial,True,28.14140666587194,0.0,127,689
13,28.14140666587194,none,True,28.14140666587194,0.0,127,689
14,28.727193103498845,oracle,True,29.362867593890414,2.2127970808054567,21,229
14,28.727193103498845,near_optimal,True,29.459243911067727,2.548285190730039,20,230
14,28.727193103498845,random,True,29.99514229592997,4.413759422519754,109,593
14,28.727193103498845,adversarial,True,28.727193103498845,0.0,354,1402
14,28.727193103498845,none,True,28.727193103498845,0.0,354,1402
15,28.72719310349885,oracle,True,28.72719310349885,0.0,20,199
15,28.72719310349885,near_optimal,True,30.77708115626351,7.135706037757632,22,227
15,28.72719310349885,random,True,29.362867593890414,2.2127970808054442,28,296
15,28.72719310349885,adversarial,True,28.72719310349885,0.0,354,1411
15,28.72719310349885,none,True,28.72719310349885,0.0,354,1411
16,28.14140666587194,oracle,True,28.777081156263506,2.258858265114622,19,248
16,28.14140666587194,near_optimal,True,29.898765978752657,6.24474580729444,23,230
16,28.14140666587194,random,True,28.141406665871944,1.2624506375898402e-14,177,889
16,28.14140666587194,adversarial,True,28.14140666587194,0.0,164,831
16,28.14140666587194,none,True,28.14140666587194,0.0,164,831
17,28.727193103498845,oracle,True,28.77708115626351,0.17366142450787736,19,227
17,28.727193103498845,near_optimal,True,30.04503034869463,4.5874208470276185,21,241
17,28.727193103498845,random,True,29.898765978752657,4.078271312595171,45,377
17,28.727193103498845,adversarial,True,28.727193103498845,0.0,369,1458
17,28.727193103498845,none,True,28.727193103498845,0.0,369,1458
18,28.727193103498845,oracle,True,28.72719310349885,1.2367075564955895e-14,20,241
18,28.727193103498845,near_optimal,True,30.680704839086197,6.800217927833064,22,227
18,28.727193103498845,random,True,28.72719310349885,1.2367075564955895e-14,822,2379
18,28.727193103498845,adversarial,True,28.727193103498845,0.0,318,1319
18,28.727193103498845,none,True,28.727193103498845,0.0,318,1319
19,28.727193103498845,oracle,True,28.72719310349885,1.2367075564955895e-14,20,247
19,28.727193103498845,near_optimal,True,30.04503034869463,4.5874208470276185,25,234
19,28.727193103498845,random,True,28.72719310349885,1.2367075564955895e-14,414,1483
19,28.727193103498845,adversarial,True,28.727193103498845,0.0,342,1382
19,28.727193103498845,none,True,28.727193103498845,0.0,342,1382
