trial,optimal_cost,waypoint_count,path_found,path_cost,optimality_gap,expanded,search_time
0,35.21247447773741,0,True,35.21247447773741,0.0,244,0.0051457881927490234
0,35.21247447773741,1,True,35.212474477737416,2.0178722066503188e-14,24,0.0007965564727783203
0,35.21247447773741,2,True,35.212474477737416,2.0178722066503188e-14,24,0.0007860660552978516
0,35.21247447773741,3,True,35.212474477737416,2.0178722066503188e-14,24,0.000919342041015625
0,35.21247447773741,5,True,35.212474477737416,2.0178722066503188e-14,24,0.0010211467742919922
0,35.21247447773741,8,True,35.21247447773741,0.0,24,0.0012073516845703125
0,35.21247447773741,12,True,35.21247447773741,0.0,24,0.0015316009521484375
0,35.21247447773741,20,True,35.21247447773741,0.0,24,0.0020749568939208984
1,35.79826091536432,0,True,35.79826091536432,0.0,461,0.009316205978393555
1,35.79826091536432,1,True,36.48382345852054,1.9150722007894674,24,0.0007681846618652344
1,35.79826091536432,2,True,35.798260915364324,1.9848526648822237e-14,25,0.0008630752563476562
1,35.79826091536432,3,True,35.79826091536432,0.0,25,0.0009021759033203125
1,35.79826091536432,5,True,35.79826091536432,0.0,25,0.0009827613830566406
1,35.79826091536432,8,True,36.43393540575589,1.7757133283498312,25,0.0011937618255615234
1,35.79826091536432,12,True,35.79826091536432,0.0,25,0.0013890266418457031
1,35.79826091536432,20,True,35.79826091536432,0.0,25,0.0018687248229980469
2,35.212474477737416,0,True,35.212474477737416,0.0,203,0.004218339920043945
2,35.212474477737416,1,True,35.84814896812898,1.805253677339437,24,0.0007991790771484375
2,35.212474477737416,2,True,35.84814896812898,1.805253677339437,24,0.0012729167938232422
2,35.212474477737416,3,True,35.84814896812898,1.805253677339437,24,0.0010597705841064453
2,35.212474477737416,5,True,35.84814896812898,1.805253677339437,24,0.0014591217041015625
2,35.212474477737416,8,True,35.212474477737416,0.0,24,0.0013523101806640625
2,35.212474477737416,12,True,35.212474477737416,0.0,24,0.0017061233520507812
2,35.212474477737416,20,True,35.212474477737416,0.0,24,0.0022852420806884766
3,35.79826091536432,0,True,35.79826091536432,0.0,446,0.009031295776367188
3,35.79826091536432,1,True,35.84814896812898,0.13935887243967554,24,0.0009109973907470703
3,35.79826091536432,2,True,37.06960989614745,3.551426656699623,25,0.0008101463317871094
3,35.79826091536432,3,True,36.43393540575588,1.7757133283498114,25,0.0008955001831054688
3,35.79826091536432,5,True,35.79826091536432,0.0,25,0.001041412353515625
3,35.79826091536432,8,True,35.798260915364324,1.9848526648822237e-14,25,0.0011777877807617188
3,35.79826091536432,12,True,35.79826091536432,0.0,25,0.0014882087707519531
3,35.79826091536432,20,True,35.79826091536432,0.0,25,0.0019605159759521484
4,35.212474477737416,0,True,35.212474477737416,0.0,214,0.0044405460357666016
4,35.212474477737416,1,True,35.212474477737416,0.0,24,0.0007441043853759766
4,35.212474477737416,2,True,35.212474477737416,0.0,24,0.0008263587951660156
4,35.212474477737416,3,True,35.212474477737416,0.0,24,0.0008864402770996094
4,35.212474477737416,5,True,35.212474477737416,0.0,24,0.0010304450988769531
4,35.212474477737416,8,True,35.212474477737416,0.0,24,0.0012240409851074219
4,35.212474477737416,12,True,35.212474477737416,0.0,24,0.0015764236450195312
4,35.212474477737416,20,True,35.212474477737416,0.0,24,0.0020928382873535156
5,35.21247447773741,0,True,35.21247447773741,0.0,207,0.004942655563354492
5,35.21247447773741,1,True,35.212474477737416,2.0178722066503188e-14,24,0.0007448196411132812
5,35.21247447773741,2,True,35.212474477737416,2.0178722066503188e-14,24,0.0008058547973632812
5,35.21247447773741,3,True,35.212474477737416,2.0178722066503188e-14,24,0.0008761882781982422
5,35.21247447773741,5,True,35.212474477737416,2.0178722066503188e-14,24,0.0010120868682861328
5,35.21247447773741,8,True,35.21247447773741,0.0,24,0.0011510848999023438
5,35.21247447773741,12,True,35.21247447773741,0.0,24,0.0014469623565673828
5,35.21247447773741,20,True,35.21247447773741,0.0,24,0.001961231231689453
6,35.79826091536432,0,True,35.79826091536432,0.0,414,0.008886575698852539
6,35.79826091536432,1,True,35.798260915364324,1.9848526648822237e-14,25,0.0008325576782226562
6,35.79826091536432,2,True,36.43393540575589,1.7757133283498312,25,0.00078582763671875
6,35.79826091536432,3,True,36.384047352991224,1.6363544559101557,26,0.0009431838989257812
6,35.79826091536432,5,True,35.798260915364324,1.9848526648822237e-14,25,0.0011131763458251953
6,35.79826091536432,8,True,35.798260915364324,1.9848526648822237e-14,25,0.0013816356658935547
6,35.79826091536432,12,True,35.79826091536432,0.0,25,0.0016217231750488281
6,35.79826091536432,20,True,35.79826091536432,0.0,25,0.0021696090698242188
7,35.212474477737416,0,True,35.212474477737416,0.0,142,0.003041982650756836
7,35.212474477737416,1,True,35.79826091536432,1.6635764634980585,25,0.0008029937744140625
7,35.212474477737416,2,True,35.212474477737416,0.0,24,0.0008807182312011719
7,35.212474477737416,3,True,35.212474477737416,0.0,24,0.0009677410125732422
7,35.212474477737416,5,True,35.212474477737416,0.0,24,0.0012907981872558594
7,35.212474477737416,8,True,35.212474477737416,0.0,24,0.0015115737915039062
7,35.212474477737416,12,True,35.212474477737416,0.0,24,0.0017764568328857422
7,35.212474477737416,20,True,35.212474477737416,0.0,24,0.002438068389892578
8,35.212474477737416,0,True,35.212474477737416,0.0,165,0.003650188446044922
8,35.212474477737416,1,True,35.212474477737416,0.0,24,0.0008337497711181641
8,35.212474477737416,2,True,35.212474477737416,0.0,24,0.0009210109710693359
8,35.212474477737416,3,True,35.212474477737416,0.0,24,0.0010004043579101562
8,35.212474477737416,5,True,35.212474477737416,0.0,24,0.0011966228485107422
8,35.212474477737416,8,True,35.212474477737416,0.0,24,0.0014395713806152344
8,35.212474477737416,12,True,35.212474477737416,0.0,24,0.0018384456634521484
8,35.212474477737416,20,True,35.212474477737416,0.0,24,0.002446413040161133
9,35.212474477737416,0,True,35.212474477737416,0.0,194,0.004118919372558594
9,35.212474477737416,1,True,35.212474477737416,0.0,24,0.0007953643798828125
9,35.212474477737416,2,True,35.84814896812898,1.805253677339437,24,0.0008914470672607422
9,35.212474477737416,3,True,35.84814896812898,1.805253677339437,24,0.000957489013671875
9,35.212474477737416,5,True,35.84814896812898,1.805253677339437,24,0.0011174678802490234
9,35.212474477737416,8,True,35.84814896812898,1.805253677339437,24,0.001383066177368164
9,35.212474477737416,12,True,35.212474477737416,0.0,24,0.0016694068908691406
9,35.212474477737416,20,True,35.212474477737416,0.0,24,0.0022792816162109375
