trial,optimal_cost,ordering,path_found,path_cost,optimality_gap,expanded
0,28.727193103498845,correct,True,28.727193103498845,0.0,20
0,28.727193103498845,reverse,True,28.72719310349885,1.2367075564955895e-14,443
0,28.727193103498845,shuffle_1,True,28.72719310349885,1.2367075564955895e-14,418
0,28.727193103498845,shuffle_2,True,28.72719310349885,1.2367075564955895e-14,443
0,28.727193103498845,shuffle_3,True,28.727193103498845,0.0,1570
1,28.727193103498845,correct,True,28.727193103498845,0.0,20
1,28.727193103498845,reverse,True,28.77708115626351,0.17366142450787736,23
1,28.727193103498845,shuffle_1,True,28.72719310349885,1.2367075564955895e-14,21
1,28.727193103498845,shuffle_2,True,28.72719310349885,1.2367075564955895e-14,23
1,28.727193103498845,shuffle_3,True,28.72719310349885,1.2367075564955895e-14,21
2,28.14140666587194,correct,True,28.141406665871944,1.2624506375898402e-14,19
2,28.14140666587194,reverse,True,28.14140666587194,0.0,1317
2,28.14140666587194,shuffle_1,True,28.14140666587194,0.0,1502
2,28.14140666587194,shuffle_2,True,28.14140666587194,0.0,1591
2,28.14140666587194,shuffle_3,True,28.14140666587194,0.0,1317
3,28.14140666587194,correct,True,28.14140666587194,0.0,19
3,28.14140666587194,reverse,True,28.141406665871944,1.2624506375898402e-14,1594
3,28.14140666587194,shuffle_1,True,28.14140666587194,0.0,1303
3,28.14140666587194,shuffle_2,True,28.141406665871944,1.2624506375898402e-14,1594
3,28.14140666587194,shuffle_3,True,28.141406665871944,1.2624506375898402e-14,22
4,28.141406665871944,correct,True,28.141406665871944,0.0,19
4,28.141406665871944,reverse,True,28.141406665871944,0.0,460
4,28.141406665871944,shuffle_1,True,28.141406665871944,0.0,1580
4,28.141406665871944,shuffle_2,True,28.141406665871944,0.0,1302
4,28.141406665871944,shuffle_3,True,28.141406665871944,0.0,460
5,28.14140666587194,correct,True,28.141406665871944,1.2624506375898402e-14,19
5,28.14140666587194,reverse,True,28.141406665871944,1.2624506375898402e-14,497
5,28.14140666587194,shuffle_1,True,28.141406665871944,1.2624506375898402e-14,1517
5,28.14140666587194,shuffle_2,True,28.141406665871944,1.2624506375898402e-14,497
5,28.14140666587194,shuffle_3,True,28.141406665871944,1.2624506375898402e-14,1588
6,28.727193103498845,correct,True,28.727193103498845,0.0,20
6,28.727193103498845,reverse,True,28.77708115626351,0.17366142450787736,542
6,28.727193103498845,shuffle_1,True,28.82356942067616,0.3354881099245942,23
6,28.727193103498845,shuffle_2,True,28.82356942067616,0.3354881099245942,23
6,28.727193103498845,shuffle_3,True,28.777081156263506,0.17366142450786498,22
7,28.14140666587194,correct,True,28.14140666587194,0.0,19
7,28.14140666587194,reverse,True,28.141406665871944,1.2624506375898402e-14,457
7,28.14140666587194,shuffle_1,True,28.14140666587194,0.0,1588
7,28.14140666587194,shuffle_2,True,28.141406665871944,1.2624506375898402e-14,458
7,28.14140666587194,shuffle_3,True,28.14140666587194,0.0,1585
8,28.141406665871944,correct,True,28.141406665871944,0.0,19
8,28.141406665871944,reverse,True,28.141406665871944,0.0,509
8,28.141406665871944,shuffle_1,True,28.141406665871944,0.0,1586
8,28.141406665871944,shuffle_2,True,28.141406665871944,0.0,1504
8,28.141406665871944,shuffle_3,True,28.141406665871944,0.0,1329
9,28.14140666587194,correct,True,28.141406665871944,1.2624506375898402e-14,19
9,28.14140666587194,reverse,True,28.14140666587194,0.0,1524
9,28.14140666587194,shuffle_1,True,28.141406665871944,1.2624506375898402e-14,1595
9,28.14140666587194,shuffle_2,True,28.14140666587194,0.0,1595
9,28.14140666587194,shuffle_3,True,28.14140666587194,0.0,1595
