trial,optimal_cost,variant,path_found,path_cost,optimality_gap,expanded,search_time
0,28.727193103498845,baseline,True,29.36286759389041,2.2127970808054447,20,0.0008780956268310547
0,28.727193103498845,standard_goal,True,28.727193103498845,0.0,348,0.007707357406616211
1,28.14140666587194,baseline,True,28.141406665871944,1.2624506375898402e-14,19,0.0008223056793212891
1,28.14140666587194,standard_goal,True,28.141406665871944,1.2624506375898402e-14,147,0.0033817291259765625
2,28.72719310349885,baseline,True,29.362867593890414,2.2127970808054442,20,0.0007364749908447266
2,28.72719310349885,standard_goal,True,28.72719310349885,0.0,333,0.007102489471435547
3,28.727193103498845,baseline,True,28.72719310349885,1.2367075564955895e-14,20,0.0008432865142822266
3,28.727193103498845,standard_goal,True,28.727193103498845,0.0,358,0.008255243301391602
4,28.727193103498845,baseline,True,29.36286759389041,2.2127970808054447,20,0.0009191036224365234
4,28.727193103498845,standard_goal,True,28.727193103498845,0.0,306,0.0073392391204833984
5,28.14140666587194,baseline,True,28.14140666587194,0.0,19,0.00072479248046875
5,28.14140666587194,standard_goal,True,28.14140666587194,0.0,116,0.002732992172241211
6,28.14140666587194,baseline,True,28.141406665871944,1.2624506375898402e-14,19,0.0010442733764648438
6,28.14140666587194,standard_goal,True,28.141406665871944,1.2624506375898402e-14,155,0.0053250789642333984
7,28.727193103498845,baseline,True,28.72719310349885,1.2367075564955895e-14,20,0.0016415119171142578
7,28.727193103498845,standard_goal,True,28.727193103498845,0.0,359,0.009324789047241211
8,28.141406665871944,baseline,True,28.77708115626351,2.2588582651146214,19,0.0008261203765869141
8,28.141406665871944,standard_goal,True,28.141406665871944,0.0,158,0.003571748733520508
9,28.727193103498845,baseline,True,28.72719310349885,1.2367075564955895e-14,20,0.0007541179656982422
9,28.727193103498845,standard_goal,True,28.72719310349885,1.2367075564955895e-14,330,0.0070841312408447266
10,28.14140666587194,baseline,True,28.141406665871944,1.2624506375898402e-14,19,0.0008606910705566406
10,28.14140666587194,standard_goal,True,28.14140666587194,0.0,149,0.003475189208984375
11,28.14140666587194,baseline,True,28.141406665871944,1.2624506375898402e-14,19,0.0007791519165039062
11,28.14140666587194,standard_goal,True,28.141406665871944,1.2624506375898402e-14,152,0.004050254821777344
12,28.727193103498845,baseline,True,28.72719310349885,1.2367075564955895e-14,20,0.0016756057739257812
12,28.727193103498845,standard_goal,True,28.727193103498845,0.0,333,0.011378049850463867
13,28.727193103498845,baseline,True,28.777081156263506,0.17366142450786498,19,0.0008199214935302734
13,28.727193103498845,standard_goal,True,28.727193103498845,0.0,291,0.006310224533081055
14,28.14140666587194,baseline,True,28.14140666587194,0.0,19,0.0013036727905273438
14,28.14140666587194,standard_goal,True,28.14140666587194,0.0,138,0.004906654357910156
15,28.14140666587194,baseline,True,28.141406665871944,1.2624506375898402e-14,19,0.0007836818695068359
15,28.14140666587194,standard_goal,True,28.141406665871944,1.2624506375898402e-14,143,0.0032618045806884766
16,28.14140666587194,baseline,True,28.141406665871944,1.2624506375898402e-14,19,0.0008046627044677734
16,28.14140666587194,standard_goal,True,28.141406665871944,1.2624506375898402e-14,133,0.0030982494354248047
17,28.14140666587194,baseline,True,28.141406665871944,1.2624506375898402e-14,19,0.0009438991546630859
17,28.14140666587194,standard_goal,True,28.141406665871944,1.2624506375898402e-14,137,0.003696441650390625
18,28.727193103498845,baseline,True,29.41275564665507,2.3864585053133096,19,0.0014657974243164062
18,28.727193103498845,standard_goal,True,28.727193103498845,0.0,354,0.013312339782714844
19,28.14140666587194,baseline,True,28.141406665871944,1.2624506375898402e-14,19,0.0008413791656494141
19,28.14140666587194,standard_goal,True,28.141406665871944,1.2624506375898402e-14,108,0.0026564598083496094
