size,trial,std_expanded,std_time,std_cost,llm_expanded,llm_time,llm_cost,llm_reprio_time,llm_peak_open,std_peak_open
10,0,9,0.0002815723419189453,15.588457268119893,9,0.0004124641418457031,15.588457268119893,0.00011515617370605469,133,133
10,1,9,0.0002486705780029297,15.588457268119893,9,0.00041675567626953125,15.588457268119893,0.00012087821960449219,139,139
10,2,53,0.0012052059173583984,16.27062002292411,10,0.0004429817199707031,16.27062002292411,0.0001227855682373047,140,345
10,3,41,0.000942230224609375,16.27062002292411,10,0.0004286766052246094,16.27062002292411,0.00011873245239257812,135,306
10,4,9,0.00024580955505371094,15.588457268119893,9,0.0004115104675292969,15.588457268119893,0.00011229515075683594,137,137
15,0,92,0.0021800994873046875,24.930874060768502,15,0.0006873607635498047,25.02725037794582,0.0001938343048095703,216,631
15,1,101,0.002424001693725586,24.930874060768502,15,0.0007090568542480469,24.930874060768502,0.00021004676818847656,224,705
15,2,66,0.001554727554321289,24.930874060768502,15,0.0006613731384277344,24.930874060768502,0.00018453598022460938,213,484
15,3,14,0.0003905296325683594,24.248711305964285,14,0.0006530284881591797,24.248711305964285,0.0001914501190185547,212,212
15,4,77,0.0018029212951660156,24.930874060768502,15,0.0006706714630126953,24.930874060768502,0.00018858909606933594,212,558
20,0,120,0.002806425094604492,33.59112809861289,20,0.0009546279907226562,33.59112809861289,0.00028824806213378906,292,781
20,1,110,0.002677440643310547,33.59112809861289,20,0.0009770393371582031,33.59112809861289,0.0002970695495605469,304,812
20,2,128,0.0030927658081054688,33.59112809861289,20,0.0009791851043701172,33.68750441579021,0.00029921531677246094,301,908
20,3,122,0.0029647350311279297,33.59112809861289,20,0.0009746551513671875,33.68750441579021,0.00028896331787109375,303,882
20,4,415,0.00948953628540039,34.17691453623979,21,0.0010159015655517578,34.27329085341711,0.0002987384796142578,303,1809
25,0,184,0.004403829574584961,42.251382136457266,25,0.0012161731719970703,42.251382136457266,0.00036787986755371094,376,1234
25,1,180,0.00432586669921875,42.251382136457266,25,0.0012273788452148438,42.251382136457266,0.0003757476806640625,378,1239
25,2,184,0.004433155059814453,42.251382136457266,25,0.0012259483337402344,42.251382136457266,0.0003719329833984375,373,1286
25,3,128,0.003189563751220703,42.251382136457266,25,0.0012555122375488281,42.347758453634576,0.0003833770751953125,388,1044
25,4,117,0.0028166770935058594,42.251382136457266,25,0.001224517822265625,42.34775845363458,0.00037360191345214844,376,843
30,0,228,0.0056171417236328125,50.91163617430164,30,0.0015301704406738281,50.91163617430164,0.00047135353088378906,460,1617
30,1,192,0.00460362434387207,51.00801249147895,30,0.0015022754669189453,51.00801249147896,0.0004706382751464844,454,1303
30,2,803,0.019047975540161133,51.49742261192855,31,0.0015511512756347656,51.69017524628317,0.0004684925079345703,465,3590
30,3,129,0.0032761096954345703,50.91163617430164,30,0.0014750957489013672,50.91163617430164,0.00044655799865722656,456,1114
30,4,205,0.00496983528137207,50.91163617430164,30,0.0015287399291992188,50.91163617430164,0.0004706382751464844,458,1445
40,0,245,0.006288766860961914,68.23214424999041,40,0.0020525455474853516,68.32852056716771,0.0006277561187744141,626,1922
40,1,1245,0.031139135360717773,68.91430700479462,41,0.0021419525146484375,69.01068332197192,0.0006577968597412109,620,5068
40,2,408,0.01061391830444336,68.32852056716771,40,0.002106904983520508,68.32852056716771,0.0006334781646728516,623,2537
40,3,415,0.010257482528686523,68.32852056716771,40,0.002073049545288086,68.32852056716771,0.00063323974609375,621,2481
40,4,878,0.021746397018432617,68.81793068761732,41,0.002147197723388672,69.01068332197194,0.0006573200225830078,620,3991
