density,trial,path_found,path_cost,optimality_gap,std_expanded,llm_expanded
0.01,0,True,28.141406665871944,1.2624506375898402e-14,193,19
0.01,1,True,28.141406665871944,1.2624506375898402e-14,184,19
0.01,2,True,28.141406665871944,1.2624506375898402e-14,194,19
0.01,3,True,28.141406665871944,1.2624506375898402e-14,190,19
0.01,4,True,28.141406665871944,1.2624506375898402e-14,189,19
0.05,0,True,28.141406665871944,1.2624506375898402e-14,185,19
0.05,1,True,28.141406665871944,1.2624506375898402e-14,166,19
0.05,2,True,28.141406665871944,1.2624506375898402e-14,163,19
0.05,3,True,28.141406665871944,1.2624506375898402e-14,162,19
0.05,4,True,28.141406665871944,1.2624506375898402e-14,184,19
0.1,0,True,28.141406665871944,1.2624506375898402e-14,166,19
0.1,1,True,28.141406665871944,1.2624506375898402e-14,176,19
0.1,2,True,28.141406665871944,1.2624506375898402e-14,161,19
0.1,3,True,28.82356942067616,0.3354881099245818,387,20
0.1,4,True,28.141406665871944,0.0,167,19
0.15,0,True,28.141406665871944,0.0,162,19
0.15,1,True,29.459243911067727,2.548285190730026,318,20
0.15,2,True,28.141406665871944,0.0,135,19
0.15,3,True,28.141406665871944,1.2624506375898402e-14,142,19
0.15,4,True,29.412755646655075,2.3864585053133216,347,19
0.2,0,True,29.36286759389041,2.2127970808054447,336,20
0.2,1,True,28.141406665871944,0.0,96,19
0.2,2,True,28.14140666587194,0.0,139,19
0.2,3,True,29.459243911067727,4.682911770696841,152,20
0.2,4,True,28.777081156263506,2.258858265114622,145,19
0.25,0,True,28.77708115626351,0.17366142450786495,307,19
0.25,1,True,32.04843013704664,8.973587491881393,511,22
0.25,2,True,28.82356942067616,0.3354881099245942,251,20
0.25,3,True,29.362867593890414,2.2127970808054442,256,20
0.25,4,True,29.36286759389041,2.2127970808054447,222,20
0.3,0,True,28.77708115626351,0.17366142450786495,207,19
0.3,1,True,30.63421657467354,4.507344712925251,413,20
0.3,2,True,29.312979541125753,1.211993367585198e-14,436,21
0.3,3,True,29.362867593890414,0.17019099916019276,415,20
0.3,4,True,28.141406665871944,1.2624506375898402e-14,130,19
