size,count,trial,total_time,reprio_time,reprio_fraction,peak_open,num_switches
15,3,0,0.0008058547973632812,0.0002129077911376953,0.26420118343195265,210,3
15,3,1,0.0007169246673583984,0.00021147727966308594,0.29497838377120056,225,3
15,3,2,0.0008158683776855469,0.0002875328063964844,0.35242548217416714,222,3
15,10,0,0.0011529922485351562,0.00064849853515625,0.5624483043837882,222,10
15,10,1,0.0011377334594726562,0.0006394386291503906,0.5620284995808885,227,10
15,10,2,0.0011343955993652344,0.0006341934204101562,0.5590584279108869,218,10
15,20,0,0.0015072822570800781,0.0009477138519287109,0.6287567225561531,217,14
15,20,1,0.0014336109161376953,0.0009307861328125,0.6492599368035922,212,14
15,20,2,0.0014979839324951172,0.0009582042694091797,0.639662581569314,215,13
20,3,0,0.0012469291687011719,0.0003161430358886719,0.25353728489483746,305,3
20,3,1,0.0009698867797851562,0.0003077983856201172,0.3173549655850541,301,3
20,3,2,0.0012483596801757812,0.0003287792205810547,0.26336898395721925,300,3
20,10,0,0.0019626617431640625,0.0011441707611083984,0.5829689018464529,293,10
20,10,1,0.002708911895751953,0.0014982223510742188,0.5530716423164935,286,10
20,10,2,0.0019412040710449219,0.0011754035949707031,0.6055023335789732,304,10
20,20,0,0.002984762191772461,0.0021615028381347656,0.7241792475437335,298,19
20,20,1,0.0027837753295898438,0.0018749237060546875,0.6735183281945872,303,19
20,20,2,0.002496957778930664,0.0017957687377929688,0.7191826601737802,295,19
30,3,0,0.0016558170318603516,0.0005450248718261719,0.32915766738660907,473,3
30,3,1,0.0016248226165771484,0.0004787445068359375,0.2946441672780631,453,3
30,3,2,0.0015876293182373047,0.00047516822814941406,0.29929418831656407,457,3
30,10,0,0.0026581287384033203,0.0015010833740234375,0.5647143241546327,470,10
30,10,1,0.0025534629821777344,0.0015060901641845703,0.5898225957049487,461,10
30,10,2,0.002471923828125,0.0014393329620361328,0.5822723765432098,456,10
30,20,0,0.004010200500488281,0.0029382705688476562,0.7326991676575505,479,20
30,20,1,0.004026889801025391,0.0029363632202148438,0.7291888691533451,467,20
30,20,2,0.004300117492675781,0.003179788589477539,0.7394655134176092,469,20
40,3,0,0.0021064281463623047,0.0006167888641357422,0.2928126768534239,617,3
40,3,1,0.0020678043365478516,0.0006442070007324219,0.3115415657788539,629,3
40,3,2,0.002048969268798828,0.0006208419799804688,0.3030020944845241,618,3
40,10,0,0.003437042236328125,0.002012014389038086,0.585391231964484,634,10
40,10,1,0.0037539005279541016,0.0021185874938964844,0.5643696411559225,625,10
40,10,2,0.0034203529357910156,0.002025604248046875,0.5922208281053952,611,10
40,20,0,0.0054318904876708984,0.004031181335449219,0.7421322916209454,612,20
40,20,1,0.005652189254760742,0.004201412200927734,0.743324756401063,628,20
40,20,2,0.00557255744934082,0.0040857791900634766,0.7331964232233774,620,20
